{
  "version": "1",
  "cognitoConfig": {
    "identityPoolName": "bbwwebappef8c0482_identitypool_ef8c0482",
    "allowUnauthenticatedIdentities": false,
    "resourceNameTruncated": "bbwwebef8c0482",
    "userPoolName": "bbwwebappef8c0482_userpool_ef8c0482",
    "autoVerifiedAttributes": [
      "email"
    ],
    "mfaConfiguration": "OFF",
    "mfaTypes": [
      "SMS Text Message"
    ],
    "smsAuthenticationMessage": "Your authentication code is {####}",
    "smsVerificationMessage": "Your verification code is {####}",
    "emailVerificationSubject": "Your verification code",
    "emailVerificationMessage": "Your verification code is {####}",
    "defaultPasswordPolicy": false,
    "passwordPolicyMinLength": 8,
    "passwordPolicyCharacters": [],
    "requiredAttributes": [
      "email"
    ],
    "aliasAttributes": [],
    "userpoolClientGenerateSecret": false,
    "userpoolClientRefreshTokenValidity": 30,
    "userpoolClientWriteAttributes": [
      "email"
    ],
    "userpoolClientReadAttributes": [
      "email"
    ],
    "userpoolClientLambdaRole": "bbwwebef8c0482_userpoolclient_lambda_role",
    "userpoolClientSetAttributes": false,
    "sharedId": "ef8c0482",
    "resourceName": "bbwwebappef8c0482",
    "authSelections": "identityPoolAndUserPool",
    "useDefault": "defaultSocial",
    "userPoolGroupList": [],
    "serviceName": "Cognito",
    "usernameCaseSensitive": false,
    "useEnabledMfas": true,
    "authRoleArn": {
      "Fn::GetAtt": [
        "AuthRole",
        "Arn"
      ]
    },
    "unauthRoleArn": {
      "Fn::GetAtt": [
        "UnauthRole",
        "Arn"
      ]
    },
    "breakCircularDependency": true,
    "dependsOn": [],
    "hostedUI": true,
    "hostedUIDomainName": "brainbased-prod",
    "authProvidersUserPool": [],
    "hostedUIProviderMeta": "[]",
    "oAuthMetadata": "{\"AllowedOAuthFlows\":[\"code\"],\"AllowedOAuthScopes\":[\"phone\",\"email\",\"openid\",\"profile\",\"aws.cognito.signin.user.admin\"],\"CallbackURLs\":[\"http://localhost:3000/auth/\"],\"LogoutURLs\":[\"http://localhost:3000/foo/\"]}",
    "authProviders": []
  }
}