{
  "providers": {
    "awscloudformation": {
      "AuthRoleName": "amplify-bbwwebapp-prod-173152-authRole",
      "UnauthRoleArn": "arn:aws:iam::793146548349:role/amplify-bbwwebapp-prod-173152-unauthRole",
      "AuthRoleArn": "arn:aws:iam::793146548349:role/amplify-bbwwebapp-prod-173152-authRole",
      "Region": "us-east-1",
      "DeploymentBucketName": "amplify-bbwwebapp-prod-173152-deployment",
      "UnauthRoleName": "amplify-bbwwebapp-prod-173152-unauthRole",
      "StackName": "amplify-bbwwebapp-prod-173152",
      "StackId": "arn:aws:cloudformation:us-east-1:793146548349:stack/amplify-bbwwebapp-prod-173152/c07b5590-ede7-11ed-93b1-0a57b24efe49",
      "AmplifyAppId": "d1t4o8gwtbnlae"
    }
  },
  "api": {
    "bbwwebapp": {
      "dependsOn": [
        {
          "attributes": [
            "UserPoolId"
          ],
          "category": "auth",
          "resourceName": "bbwwebappef8c0482"
        }
      ],
      "output": {
        "authConfig": {
          "additionalAuthenticationProviders": [
            {
              "authenticationType": "AWS_IAM"
            },
            {
              "authenticationType": "AMAZON_COGNITO_USER_POOLS",
              "userPoolConfig": {
                "userPoolId": "authbbwwebappef8c0482"
              }
            }
          ],
          "defaultAuthentication": {
            "apiKeyConfig": {
              "apiKeyExpirationDays": 30,
              "description": "api key description"
            },
            "authenticationType": "API_KEY"
          }
        },
        "GraphQLAPIIdOutput": "qniu45whbbhnlj3v3jost5rfoq",
        "GraphQLAPIEndpointOutput": "https://lvx4evdzljdx7aw2lptwmlozfu.appsync-api.us-east-1.amazonaws.com/graphql",
        "GraphQLAPIKeyOutput": "da2-rrt2zmratne2xpbyqe5vwumjxu"
      },
      "providerPlugin": "awscloudformation",
      "service": "AppSync",
      "lastPushTimeStamp": "2023-07-05T22:32:43.589Z",
      "providerMetadata": {
        "s3TemplateURL": "https://s3.amazonaws.com/amplify-bbwwebapp-prod-173152-deployment/amplify-cfn-templates/api/cloudformation-template.json",
        "logicalId": "apibbwwebapp"
      },
      "lastPushDirHash": "wCA/AM0mXRJVe7tjl2TYcJD3XYw="
    }
  },
  "auth": {
    "bbwwebappef8c0482": {
      "customAuth": false,
      "dependsOn": [],
      "frontendAuthConfig": {
        "mfaConfiguration": "OFF",
        "mfaTypes": [
          "SMS"
        ],
        "passwordProtectionSettings": {
          "passwordPolicyCharacters": [],
          "passwordPolicyMinLength": 8
        },
        "signupAttributes": [
          "EMAIL"
        ],
        "socialProviders": [],
        "usernameAttributes": [],
        "verificationMechanisms": [
          "EMAIL"
        ]
      },
      "providerPlugin": "awscloudformation",
      "service": "Cognito",
      "output": {
        "UserPoolId": "us-east-1_WTpw595Ir",
        "AppClientIDWeb": "3duintsm210rstbrb4a5slo87n",
        "AppClientID": "1algn769duhhvjloeprslm0d1v",
        "IdentityPoolId": "us-east-1:f2783e3a-5225-4d62-9184-d45a85b132c1",
        "UserPoolArn": "arn:aws:cognito-idp:us-east-1:793146548349:userpool/us-east-1_WTpw595Ir",
        "IdentityPoolName": "bbwwebappef8c0482_identitypool_ef8c0482__prod",
        "UserPoolName": "bbwwebappef8c0482_userpool_ef8c0482"
      },
      "lastPushTimeStamp": "2023-07-05T22:32:43.589Z",
      "providerMetadata": {
        "s3TemplateURL": "https://s3.amazonaws.com/amplify-bbwwebapp-prod-173152-deployment/amplify-cfn-templates/auth/bbwwebappef8c0482-cloudformation-template.json",
        "logicalId": "authbbwwebappef8c0482"
      },
      "lastPushDirHash": "9fUBZOfJz/8/CCkQHLAdMI+6UbU="
    }
  },
  "storage": {
    "webappstorage": {
      "dependsOn": [],
      "providerPlugin": "awscloudformation",
      "service": "S3",
      "output": {
        "BucketName": "bbwwebappstorage173152-prod",
        "Region": "us-east-1"
      },
      "lastPushTimeStamp": "2023-07-05T22:32:43.589Z",
      "providerMetadata": {
        "s3TemplateURL": "https://s3.amazonaws.com/amplify-bbwwebapp-prod-173152-deployment/amplify-cfn-templates/storage/cloudformation-template.json",
        "logicalId": "storagewebappstorage"
      },
      "lastPushDirHash": "bYqQvbC7XPGqOZxoRlzd5DeYcbw="
    }
  }
}